"-71.721949239176041","45.549927866635940","453.496002197265625"
"-71.721958283610107","45.549930021189056","453.496002197265625"
"-71.721969240000007","45.549931389999998","453.496002197265625"
"-71.721979630000007","45.549936250000002","453.496002197265625"
"-71.721981220000004","45.549947480000000","451.944519042968750"
"-71.721986590000000","45.549961060000001","451.944519042968750"
"-71.721993459999993","45.549973799999997","451.944519042968750"
"-71.722003349999994","45.549989640000000","451.944519042968750"
"-71.722016179999997","45.550002970000001","451.944519042968750"
"-71.722023219999997","45.550013190000001","450.576477050781250"
"-71.722041739999995","45.550022669999997","448.943389892578125"
"-71.722059759999993","45.550035989999998","448.943389892578125"
"-71.722063869999999","45.550053089999999","448.943389892578125"
"-71.722063869999999","45.550066840000000","448.943389892578125"
"-71.722056490000000","45.550077229999999","448.943389892578125"
"-71.722043170000006","45.550088129999999","447.661346435546875"
"-71.722033440000004","45.550097180000002","447.661346435546875"
"-71.722021620000007","45.550110670000002","449.494598388671875"
"-71.722020450000002","45.550121740000002","449.494598388671875"
"-71.722024059999995","45.550134730000003","449.494598388671875"
"-71.722034780000001","45.550151329999998","447.661346435546875"
"-71.722044679999996","45.550162479999997","446.690765380859375"
"-71.722051300000004","45.550178649999999","446.690765380859375"
"-71.722057000000007","45.550193819999997","446.690765380859375"
"-71.722064290000006","45.550209920000000","446.690765380859375"
"-71.722073089999995","45.550229450000003","446.091094970703125"
"-71.722079460000003","45.550242769999997","446.091094970703125"
"-71.722086669999996","45.550253920000003","446.091094970703125"
"-71.722096059999998","45.550270179999998","446.091094970703125"
"-71.722108800000001","45.550292059999997","446.091094970703125"
"-71.722117850000004","45.550304969999999","445.830902099609375"
"-71.722118940000001","45.550320980000002","445.830902099609375"
"-71.722116589999999","45.550339170000001","445.830902099609375"
"-71.722118859999995","45.550356680000000","445.830902099609375"
"-71.722122880000001","45.550368589999998","445.830902099609375"
"-71.722133189999994","45.550384090000001","445.834259033203125"
"-71.722149200000004","45.550397250000003","445.834259033203125"
"-71.722163280000004","45.550409150000000","443.656890869140625"
"-71.722183900000005","45.550416779999999","443.656890869140625"
"-71.722200999999998","45.550426090000002","443.656890869140625"
"-71.722215750000004","45.550443520000002","443.820373535156250"
"-71.722228830000006","45.550457100000003","443.820373535156250"
"-71.722240060000004","45.550470590000003","443.820373535156250"
"-71.722249280000000","45.550484679999997","443.820373535156250"
"-71.722256229999999","45.550500939999999","443.820373535156250"
"-71.722270730000005","45.550511250000000","442.088653564453125"
"-71.722283140000002","45.550517280000001","442.383422851562500"
"-71.722299570000004","45.550524490000001","442.383422851562500"
"-71.722314569999995","45.550535969999999","442.383422851562500"
"-71.722331670000003","45.550546279999999","442.383422851562500"
"-71.722352290000003","45.550559530000001","442.383422851562500"
"-71.722377940000001","45.550566480000001","441.030609130859375"
"-71.722404589999996","45.550575539999997","441.030609130859375"
"-71.722434680000006","45.550577040000000","441.030609130859375"
"-71.722464779999996","45.550579059999997","441.030609130859375"
"-71.722487740000005","45.550578969999997","439.919067382812500"
"-71.722504670000006","45.550579220000003","439.919067382812500"
"-71.722524960000001","45.550574779999998","439.919067382812500"
"-71.722539879999999","45.550564979999997","439.919067382812500"
"-71.722550519999999","45.550563130000000","439.919067382812500"
"-71.722560830000006","45.550553239999999","439.919067382812500"
"-71.722566200000003","45.550549130000000","439.919067382812500"
"-71.722574580000000","45.550542849999999","439.919067382812500"
"-71.722593520000004","45.550533540000004","438.939239501953125"
"-71.722615820000001","45.550520970000001","438.939239501953125"
"-71.722636769999994","45.550511080000000","438.939239501953125"
"-71.722653030000004","45.550498419999997","438.746276855468750"
"-71.722671050000002","45.550486859999999","438.746276855468750"
"-71.722685720000001","45.550471350000002","437.740661621093750"
"-71.722695779999995","45.550456259999997","437.740661621093750"
"-71.722708269999998","45.550444689999999","437.740661621093750"
"-71.722722770000004","45.550429270000002","437.740661621093750"
"-71.722742130000000","45.550412260000002","437.727813720703125"
"-71.722758979999995","45.550402370000000","437.727813720703125"
"-71.722774319999999","45.550389289999998","437.727813720703125"
"-71.722793600000003","45.550373950000001","436.586364746093750"
"-71.722808850000007","45.550365319999997","436.586364746093750"
"-71.722824689999996","45.550362720000003","436.586364746093750"
"-71.722844060000000","45.550358359999997","436.586364746093750"
"-71.722878339999994","45.550345370000002","436.751007080078125"
"-71.722912620000002","45.550328690000001","435.454772949218750"
"-71.722938940000006","45.550314440000001","435.454772949218750"
"-71.722963080000000","45.550306059999997","435.454772949218750"
"-71.722991239999999","45.550301200000000","434.110168457031250"
"-71.723011020000001","45.550294989999998","434.110168457031250"
"-71.723031390000003","45.550283340000000","434.110168457031250"
"-71.723049750000001","45.550273030000000","434.110168457031250"
"-71.723068190000006","45.550266499999999","434.447113037109375"
"-71.723082860000005","45.550253589999997","433.177307128906250"
"-71.723105149999995","45.550248889999999","433.177307128906250"
"-71.723133230000002","45.550243029999997","433.177307128906250"
"-71.723163990000003","45.550238159999999","433.177307128906250"
"-71.723191490000005","45.550236650000002","432.099822998046875"
"-71.723212779999997","45.550229780000002","432.099822998046875"
"-71.723243870000005","45.550228019999999","432.099822998046875"
"-71.723269020000004","45.550229870000003","432.099822998046875"
"-71.723289550000004","45.550223750000001","431.260314941406250"
"-71.723310760000004","45.550221319999999","431.260314941406250"
"-71.723335239999997","45.550220899999999","431.260314941406250"
"-71.723358619999999","45.550214019999999","431.260314941406250"
"-71.723378990000000","45.550207489999998","431.260314941406250"
"-71.723400280000007","45.550199440000000","430.544769287109375"
"-71.723415540000005","45.550193319999998","430.544769287109375"
"-71.723436320000005","45.550188290000001","430.544769287109375"
"-71.723459620000000","45.550180660000002","431.005584716796875"
"-71.723485019999998","45.550167250000001","431.005584716796875"
"-71.723513940000004","45.550155349999997","430.235748291015625"
"-71.723546630000001","45.550150570000000","430.235748291015625"
"-71.723577640000002","45.550147050000000","430.235748291015625"
"-71.723600520000005","45.550140100000000","429.302398681640625"
"-71.723621980000004","45.550133219999999","429.302398681640625"
"-71.723639079999998","45.550125340000001","429.302398681640625"
"-71.723663720000005","45.550120730000003","429.302398681640625"
"-71.723689539999995","45.550117970000002","429.302398681640625"
"-71.723714349999995","45.550116459999998","428.147857666015625"
"-71.723734550000003","45.550115620000000","428.147857666015625"
"-71.723758439999997","45.550119230000000","428.147857666015625"
"-71.723777630000001","45.550118550000001","428.147857666015625"
"-71.723797329999996","45.550123919999997","428.147857666015625"
"-71.723817949999997","45.550127689999997","426.818328857421875"
"-71.723842430000005","45.550131460000003","426.818328857421875"
"-71.723865219999993","45.550142950000001","426.818328857421875"
"-71.723884170000005","45.550152169999997","426.818328857421875"
"-71.723904370000000","45.550161889999998","426.818328857421875"
"-71.723929260000006","45.550167170000002","425.446472167968750"
"-71.723947530000004","45.550159630000003","425.446472167968750"
"-71.723964969999997","45.550151079999999","425.446472167968750"
"-71.723988439999999","45.550139590000001","425.446472167968750"
"-71.724019949999999","45.550131960000002","424.223663330078125"
"-71.724043089999995","45.550134399999997","424.223663330078125"
"-71.724064630000001","45.550141940000003","424.223663330078125"
"-71.724080560000004","45.550157779999999","424.223663330078125"
"-71.724101849999997","45.550173119999997","423.537811279296875"
"-71.724127330000002","45.550184440000002","422.499633789062500"
"-71.724155819999993","45.550189469999999","422.499633789062500"
"-71.724177280000006","45.550192989999999","422.499633789062500"
"-71.724198740000006","45.550193739999997","422.499633789062500"
"-71.724219439999999","45.550188380000002","422.499633789062500"
"-71.724237799999997","45.550184940000001","421.709411621093750"
"-71.724259419999996","45.550172369999999","421.709411621093750"
"-71.724282470000006","45.550165159999999","421.709411621093750"
"-71.724302339999994","45.550162479999997","421.709411621093750"
"-71.724321279999998","45.550162139999998","421.709411621093750"
"-71.724336120000004","45.550157450000000","421.075683593750000"
"-71.724348359999993","45.550147140000000","421.745483398437500"
"-71.724364620000003","45.550132470000001","421.745483398437500"
"-71.724382719999994","45.550113690000003","421.745483398437500"
"-71.724401830000005","45.550106649999996","421.745483398437500"
"-71.724425890000006","45.550099189999997","421.745483398437500"
"-71.724440979999997","45.550099860000003","421.069671630859375"
"-71.724461259999998","45.550106820000003","421.069671630859375"
"-71.724490849999995","45.550106990000003","421.069671630859375"
"-71.724531420000005","45.550102129999999","421.069671630859375"
"-71.724556399999997","45.550102039999999","420.218872070312500"
"-71.724589839999993","45.550101450000000","420.218872070312500"
"-71.724619259999997","45.550090730000001","420.218872070312500"
"-71.724646000000007","45.550079580000002","419.122985839843750"
"-71.724668550000004","45.550073959999999","419.122985839843750"
"-71.724695870000005","45.550070779999999","419.122985839843750"
"-71.724714730000002","45.550071780000003","419.122985839843750"
"-71.724745159999998","45.550064740000003","418.645324707031250"
"-71.724776919999996","45.550057199999998","418.645324707031250"
"-71.724798129999996","45.550059630000000","418.645324707031250"
"-71.724816320000002","45.550068600000003","417.800659179687500"
"-71.724844570000002","45.550071199999998","416.384307861328125"
"-71.724875830000002","45.550071359999997","416.384307861328125"
"-71.724904330000001","45.550065160000003","416.384307861328125"
"-71.724939280000001","45.550059800000000","417.281768798828125"
"-71.724973480000003","45.550056359999999","415.997680664062500"
"-71.725008349999996","45.550058960000001","415.997680664062500"
"-71.725035090000006","45.550070689999998","415.054809570312500"
"-71.725049839999997","45.550088549999998","415.054809570312500"
"-71.725064090000004","45.550100030000003","413.950653076171875"
"-71.725085460000003","45.550109079999999","413.950653076171875"
"-71.725107760000000","45.550113860000003","413.950653076171875"
"-71.725135920000000","45.550117720000003","413.950653076171875"
"-71.725167440000007","45.550116629999998","413.105285644531250"
"-71.725197859999994","45.550116379999999","413.105285644531250"
"-71.725218400000003","45.550109079999999","413.105285644531250"
"-71.725229970000001","45.550106229999997","413.105285644531250"
"-71.725246650000003","45.550103630000002","413.105285644531250"
"-71.725267349999996","45.550110259999997","412.470062255859375"
"-71.725288140000004","45.550118390000002","412.470062255859375"
"-71.725309179999996","45.550124760000003","411.713409423828125"
"-71.725326440000003","45.550125180000002","411.713409423828125"
"-71.725349829999999","45.550129540000000","411.713409423828125"
"-71.725385200000005","45.550153590000001","411.307037353515625"
"-71.725414369999996","45.550175379999999","411.307037353515625"
"-71.725439769999994","45.550193489999998","411.307037353515625"
"-71.725457199999994","45.550213190000001","410.802185058593750"
"-71.725474300000002","45.550235729999997","410.802185058593750"
"-71.725497599999997","45.550260629999997","410.540527343750000"
"-71.725517719999999","45.550268590000002","410.236816406250000"
"-71.725541770000007","45.550280069999999","410.236816406250000"
"-71.725561970000001","45.550298099999999","410.236816406250000"
"-71.725589880000001","45.550315280000000","410.236816406250000"
"-71.725614859999993","45.550331790000001","410.079498291015625"
"-71.725631879999995","45.550354249999998","409.819305419921875"
"-71.725649059999995","45.550374789999999","409.819305419921875"
"-71.725665820000003","45.550390040000003","409.819305419921875"
"-71.725686440000004","45.550405720000001","409.819305419921875"
"-71.725711919999995","45.550422980000000","409.295410156250000"
"-71.725740340000002","45.550444270000000","409.295410156250000"
"-71.725768250000002","45.550453490000002","409.295410156250000"
"-71.725790799999999","45.550460540000003","409.295410156250000"
"-71.725817539999994","45.550471430000002","409.262573242187500"
"-71.725839329999999","45.550486859999999","408.501739501953125"
"-71.725861370000004","45.550497249999999","408.501739501953125"
"-71.725889620000004","45.550511499999999","408.501739501953125"
"-71.725910659999997","45.550519799999996","408.501739501953125"
"-71.725929429999994","45.550528770000000","408.524627685546875"
"-71.725953239999996","45.550540580000003","408.524627685546875"
"-71.725970250000003","45.550553160000000","407.406219482421875"
"-71.725982490000007","45.550572430000003","407.406219482421875"
"-71.725994560000004","45.550588949999998","407.406219482421875"
"-71.726011999999997","45.550607390000003","407.406219482421875"
"-71.726022889999996","45.550623059999999","406.064453125000000"
"-71.726038149999994","45.550634039999998","406.046691894531250"
"-71.726059190000001","45.550645529999997","406.046691894531250"
"-71.726083160000002","45.550655919999997","406.046691894531250"
"-71.726107639999995","45.550666980000003","406.046691894531250"
"-71.726131019999997","45.550674690000001","406.046691894531250"
"-71.726165969999997","45.550681990000001","405.933166503906250"
"-71.726198580000002","45.550690369999998","404.466308593750000"
"-71.726211070000005","45.550697489999997","404.466308593750000"
"-71.726220870000006","45.550708720000003","404.466308593750000"
"-71.726230849999993","45.550721879999998","404.466308593750000"
"-71.726242249999999","45.550736219999997","404.466308593750000"
"-71.726261440000002","45.550752230000001","404.193054199218750"
"-71.726279800000000","45.550765720000001","402.857299804687500"
"-71.726302599999997","45.550783150000001","402.857299804687500"
"-71.726334199999997","45.550791539999999","402.857299804687500"
"-71.726363950000007","45.550796480000002","402.506256103515625"
"-71.726389850000004","45.550794719999999","402.506256103515625"
"-71.726412650000000","45.550795059999999","402.506256103515625"
"-71.726435789999996","45.550802689999998","402.506256103515625"
"-71.726461939999993","45.550814670000001","402.035583496093750"
"-71.726490020000000","45.550830849999997","401.138427734375000"
"-71.726500750000000","45.550852560000003","401.138427734375000"
"-71.726524470000001","45.550868229999999","401.138427734375000"
"-71.726546339999999","45.550878959999999","401.138427734375000"
"-71.726567549999999","45.550894130000003","400.141204833984375"
"-71.726590259999995","45.550907789999997","400.141204833984375"
"-71.726612480000000","45.550921369999998","400.141204833984375"
"-71.726633350000000","45.550931259999999","400.141204833984375"
"-71.726654719999999","45.550949869999997","400.141204833984375"
"-71.726671479999993","45.550965460000000","399.734008789062500"
"-71.726696630000006","45.550974850000003","399.315063476562500"
"-71.726726139999997","45.550982390000001","399.315063476562500"
"-71.726754299999996","45.550995720000003","399.315063476562500"
"-71.726786230000002","45.551005279999998","398.769226074218750"
"-71.726814980000000","45.551009380000004","398.769226074218750"
"-71.726849430000001","45.551013070000003","398.769226074218750"
"-71.726879690000004","45.551015249999999","398.769226074218750"
"-71.726909449999994","45.551020780000002","398.119781494140625"
"-71.726937780000000","45.551025480000000","398.119781494140625"
"-71.726966529999999","45.551027240000003","397.743072509765625"
"-71.726991170000005","45.551029749999998","397.743072509765625"
"-71.727017239999995","45.551030840000003","397.006591796875000"
"-71.727046160000000","45.551031760000001","397.006591796875000"
"-71.727070380000001","45.551035620000000","397.006591796875000"
"-71.727096950000004","45.551034190000003","397.006591796875000"
"-71.727126870000006","45.551024390000002","396.274963378906250"
"-71.727157890000001","45.551017600000002","396.750793457031250"
"-71.727187889999996","45.551010560000002","396.750793457031250"
"-71.727219660000003","45.551004689999999","396.109924316406250"
"-71.727246230000006","45.551006370000003","396.109924316406250"
"-71.727269530000001","45.550999830000002","396.109924316406250"
"-71.727288979999997","45.550989180000002","396.109924316406250"
"-71.727317729999996","45.550986580000000","395.562469482421875"
"-71.727338849999995","45.550976439999999","395.562469482421875"
"-71.727357540000000","45.550971160000003","395.562469482421875"
"-71.727380089999997","45.550965460000000","395.562469482421875"
"-71.727430889999994","45.550950880000002","395.137237548828125"
"-71.727456200000006","45.550939980000003","395.137237548828125"
"-71.727482690000002","45.550936960000001","395.137237548828125"
"-71.727510260000003","45.550921959999997","395.446136474609375"
"-71.727532640000007","45.550904019999997","395.446136474609375"
"-71.727556530000001","45.550896399999999","395.446136474609375"
"-71.727574129999994","45.550893459999998","395.446136474609375"
"-71.727589640000005","45.550886419999998","395.446136474609375"
"-71.727610170000005","45.550879629999997","395.322662353515625"
"-71.727637669999993","45.550877030000002","395.322662353515625"
"-71.727667420000003","45.550873930000002","395.322662353515625"
"-71.727700279999993","45.550874430000000","395.322662353515625"
"-71.727731800000001","45.550878040000001","395.309173583984375"
"-71.727767249999999","45.550881470000000","395.309173583984375"
"-71.727800189999996","45.550881560000001","395.309173583984375"
"-71.727837160000007","45.550887590000002","395.344726562500000"
"-71.727870429999996","45.550898490000002","395.344726562500000"
"-71.727897589999998","45.550908460000002","395.344726562500000"
"-71.727932289999998","45.550916760000000","395.356140136718750"
"-71.727961460000003","45.550929750000002","394.656951904296875"
"-71.727992220000004","45.550936880000002","394.656951904296875"
"-71.728013759999996","45.550946099999997","394.656951904296875"
"-71.728038069999997","45.550952469999999","394.563476562500000"
"-71.728065900000004","45.550954980000000","394.563476562500000"
"-71.728094569999996","45.550949449999997","394.563476562500000"
"-71.728130440000001","45.550948190000000","394.563476562500000"
"-71.728163879999997","45.550942579999997","394.366363525390625"
"-71.728196740000001","45.550943840000002","394.366363525390625"
"-71.728231019999996","45.550952889999998","394.366363525390625"
"-71.728264050000007","45.550958250000001","394.079162597656250"
"-71.728295729999999","45.550964540000003","394.079162597656250"
"-71.728323730000000","45.550969649999999","394.079162597656250"
"-71.728352729999997","45.550971750000002","393.723419189453125"
"-71.728378789999994","45.550970739999997","393.723419189453125"
"-71.728402430000003","45.550973429999999","393.723419189453125"
"-71.728422969999997","45.550977529999997","393.723419189453125"
"-71.728444260000003","45.550983400000000","392.948455810546875"
"-71.728474349999999","45.550991779999997","392.537384033203125"
"-71.728504020000003","45.550998569999997","392.537384033203125"
"-71.728522630000001","45.551004519999999","392.537384033203125"
"-71.728549200000003","45.551014750000000","392.537384033203125"
"-71.728570239999996","45.551033359999998","392.109771728515625"
"-71.728584069999997","45.551045590000001","392.109771728515625"
"-71.728607370000006","45.551053390000000","391.338165283203125"
"-71.728629499999997","45.551051790000002","391.338165283203125"
"-71.728651540000001","45.551048530000003","391.338165283203125"
"-71.728674170000005","45.551046849999999","390.886138916015625"
"-71.728702839999997","45.551046769999999","390.886138916015625"
"-71.728731339999996","45.551041069999997","391.679321289062500"
"-71.728762270000004","45.551036119999999","391.679321289062500"
"-71.728788420000001","45.551024890000001","391.245330810546875"
"-71.728815240000003","45.551025639999999","391.245330810546875"
"-71.728840550000001","45.551034280000003","391.245330810546875"
"-71.728866289999999","45.551044169999997","390.427001953125000"
"-71.728894530000005","45.551048860000002","389.958374023437500"
"-71.728917159999995","45.551055230000003","389.958374023437500"
"-71.728940890000004","45.551066300000002","389.958374023437500"
"-71.728969890000002","45.551079289999997","389.958374023437500"
"-71.729001229999994","45.551083650000002","389.447845458984375"
"-71.729032919999995","45.551090270000003","389.447845458984375"
"-71.729063929999995","45.551103089999998","389.447845458984375"
"-71.729087230000005","45.551110639999997","387.955780029296875"
"-71.729109280000003","45.551112060000001","387.955780029296875"
"-71.729135429999999","45.551108790000001","387.955780029296875"
"-71.729161079999997","45.551105860000000","387.955780029296875"
"-71.729191760000006","45.551119350000000","387.320281982421875"
"-71.729216059999999","45.551135449999997","387.320281982421875"
"-71.729231069999997","45.551145759999997","387.320281982421875"
"-71.729248749999996","45.551150950000000","387.320281982421875"
"-71.729271890000007","45.551156570000003","387.320281982421875"
"-71.729296450000007","45.551172080000001","386.322540283203125"
"-71.729327040000001","45.551190349999999","385.651458740234375"
"-71.729352349999999","45.551202750000002","385.651458740234375"
"-71.729377920000005","45.551209880000002","385.651458740234375"
"-71.729404239999994","45.551216920000002","385.026763916015625"
"-71.729431140000003","45.551220520000001","385.026763916015625"
"-71.729463249999995","45.551229159999998","385.026763916015625"
"-71.729491580000001","45.551232849999998","385.026763916015625"
"-71.729518729999995","45.551225049999999","384.480316162109375"
"-71.729539689999996","45.551211889999998","384.480316162109375"
"-71.729560480000004","45.551208119999998","384.480316162109375"
"-71.729589899999993","45.551217340000001","384.480316162109375"
"-71.729617469999994","45.551222869999997","383.975738525390625"
"-71.729651919999995","45.551227480000001","383.975738525390625"
"-71.729688130000000","45.551233430000003","383.053070068359375"
"-71.729717550000004","45.551238540000000","383.053070068359375"
"-71.729749240000004","45.551247089999997","382.634277343750000"
"-71.729780160000004","45.551255220000002","382.634277343750000"
"-71.729812019999997","45.551258830000002","382.634277343750000"
"-71.729839260000006","45.551258660000002","382.201965332031250"
"-71.729862639999993","45.551261429999997","382.201965332031250"
"-71.729895330000005","45.551251540000003","382.201965332031250"
"-71.729931039999997","45.551245420000001","381.716247558593750"
"-71.729964150000001","45.551245670000000","381.716247558593750"
"-71.729990970000003","45.551246259999999","381.716247558593750"
"-71.730022989999995","45.551260669999998","381.716247558593750"
"-71.730050820000002","45.551277180000000","381.146270751953125"
"-71.730079649999993","45.551290930000000","381.146270751953125"
"-71.730114020000002","45.551303920000002","380.523406982421875"
"-71.730131950000001","45.551316749999998","380.523406982421875"
"-71.730153749999999","45.551327389999997","379.876037597656250"
"-71.730171429999999","45.551334769999997","379.876037597656250"
"-71.730194729999994","45.551343570000000","379.876037597656250"
"-71.730216859999999","45.551353290000002","379.876037597656250"
"-71.730237650000007","45.551366620000003","379.346618652343750"
"-71.730256260000004","45.551387069999997","378.557647705078125"
"-71.730276040000007","45.551410290000000","378.557647705078125"
"-71.730297500000006","45.551441969999999","378.082855224609375"
"-71.730314430000007","45.551461170000003","378.082855224609375"
"-71.730319460000004","45.551479940000000","378.082855224609375"
"-71.730317869999993","45.551503660000002","378.082855224609375"
"-71.730304029999999","45.551525290000001","377.692230224609375"
"-71.730291289999997","45.551537860000003","377.692230224609375"
"-71.730278720000001","45.551554959999997","377.692230224609375"
"-71.730264969999993","45.551571639999999","377.692230224609375"
"-71.730261119999994","45.551593689999997","378.317077636718750"
"-71.730262379999999","45.551611039999997","378.317077636718750"
"-71.730274199999997","45.551629890000001","377.371673583984375"
"-71.730282660000000","45.551652689999997","377.102416992187500"
"-71.730287439999998","45.551673059999999","377.102416992187500"
"-71.730284839999996","45.551696870000001","377.102416992187500"
"-71.730280230000005","45.551719249999998","377.102416992187500"
"-71.730254160000001","45.551743639999998","377.927093505859375"
"-71.730247539999993","45.551773230000002","377.927093505859375"
"-71.730251229999993","45.551793259999997","377.927093505859375"
"-71.730265560000007","45.551812120000001","377.775238037109375"
"-71.730278720000001","45.551827459999998","376.674346923828125"
"-71.730282829999993","45.551844719999998","376.674346923828125"
"-71.730293470000007","45.551856790000002","376.674346923828125"
"-71.730307550000006","45.551866850000003","376.674346923828125"
"-71.730320800000001","45.551879169999999","376.516265869140625"
"-71.730339150000006","45.551885880000000","376.516265869140625"
"-71.730357850000004","45.551886879999998","376.516265869140625"
"-71.730380389999993","45.551891079999997","376.516265869140625"
"-71.730405120000000","45.551892670000001","375.290374755859375"
"-71.730426330000000","45.551895940000001","375.290374755859375"
"-71.730451720000005","45.551891660000003","375.290374755859375"
"-71.730472090000006","45.551893669999998","375.290374755859375"
"-71.730488859999994","45.551898950000002","375.290374755859375"
"-71.730506879999993","45.551901129999997","374.080505371093750"
"-71.730532859999997","45.551895940000001","374.080505371093750"
"-71.730562449999994","45.551894930000003","374.080505371093750"
"-71.730588769999997","45.551889230000000","374.080505371093750"
"-71.730607039999995","45.551886719999999","372.930328369140625"
"-71.730626070000000","45.551885120000001","372.930328369140625"
"-71.730650120000007","45.551874650000002","372.930328369140625"
"-71.730667049999994","45.551858390000000","373.115173339843750"
"-71.730687259999996","45.551841539999998","373.115173339843750"
"-71.730709469999994","45.551830979999998","372.087402343750000"
"-71.730729670000002","45.551814630000003","372.087402343750000"
"-71.730752550000005","45.551799549999998","372.087402343750000"
"-71.730768560000001","45.551781689999999","372.357177734375000"
"-71.730788840000002","45.551763919999999","372.357177734375000"
"-71.730803679999994","45.551742300000001","371.498748779296875"
"-71.730820530000003","45.551722099999999","371.498748779296875"
"-71.730840220000005","45.551704239999999","371.846679687500000"
"-71.730862020000004","45.551687479999998","371.846679687500000"
"-71.730879540000004","45.551669120000000","371.846679687500000"
"-71.730904600000002","45.551648589999999","371.153717041015625"
"-71.730930079999993","45.551631569999998","371.557800292968750"
"-71.730950949999993","45.551613629999999","371.557800292968750"
"-71.730972159999993","45.551591420000001","371.557800292968750"
"-71.731005429999996","45.551572980000003","370.990722656250000"
"-71.731031000000002","45.551554629999998","371.437988281250000"
"-71.731053630000005","45.551541550000003","371.437988281250000"
"-71.731079280000003","45.551526879999997","371.437988281250000"
"-71.731100990000002","45.551512969999997","370.945495605468750"
"-71.731117159999997","45.551492770000003","370.945495605468750"
"-71.731138450000003","45.551478099999997","371.433319091796875"
"-71.731169719999997","45.551467119999998","371.433319091796875"
"-71.731199219999993","45.551457650000003","370.977844238281250"
"-71.731224949999998","45.551454880000001","370.977844238281250"
"-71.731254629999995","45.551441890000000","370.977844238281250"
"-71.731286479999994","45.551426890000002","370.977844238281250"
"-71.731317070000003","45.551414649999998","370.633575439453125"
"-71.731344399999998","45.551401570000003","370.633575439453125"
"-71.731365350000004","45.551389080000000","371.079681396484375"
"-71.731375159999999","45.551378769999999","371.079681396484375"
"-71.731386979999996","45.551361759999999","371.079681396484375"
"-71.731402480000000","45.551346080000002","370.746368408203125"
"-71.731411120000004","45.551333849999999","370.746368408203125"
"-71.731417149999999","45.551320349999997","371.266082763671875"
"-71.731433580000001","45.551306769999997","371.266082763671875"
"-71.731462160000007","45.551297720000001","371.266082763671875"
"-71.731495769999995","45.551293530000002","370.885864257812500"
"-71.731527959999994","45.551296129999997","370.885864257812500"
"-71.731562240000002","45.551302000000000","370.885864257812500"
"-71.731599880000005","45.551305180000000","370.885864257812500"
"-71.731634740000004","45.551309369999998","370.454162597656250"
"-71.731662319999998","45.551304760000001","370.454162597656250"
"-71.731693419999999","45.551300320000003","370.454162597656250"
"-71.731723259999995","45.551296880000002","369.896362304687500"
"-71.731758130000003","45.551296800000003","369.896362304687500"
"-71.731787879999999","45.551300820000002","369.896362304687500"
"-71.731816719999998","45.551309369999998","369.188232421875000"
"-71.731847060000007","45.551311300000002","368.662109375000000"
"-71.731877069999996","45.551312719999999","368.662109375000000"
"-71.731902969999993","45.551317249999997","368.662109375000000"
"-71.731927440000007","45.551322700000000","367.709655761718750"
"-71.731950830000002","45.551326130000000","367.709655761718750"
"-71.731967339999997","45.551327729999997","367.709655761718750"
"-71.731977229999998","45.551328650000002","367.709655761718750"
"-71.731995249999997","45.551326969999998","367.709655761718750"
"-71.732004140000001","45.551326220000000","367.709655761718750"
"-71.732020649999995","45.551330489999998","366.687408447265625"
"-71.732039259999993","45.551336190000001","366.687408447265625"
"-71.732061889999997","45.551338459999997","366.687408447265625"
"-71.732085519999998","45.551341639999997","366.687408447265625"
"-71.732102459999993","45.551346920000000","366.687408447265625"
"-71.732127180000006","45.551354719999999","365.683410644531250"
"-71.732143949999994","45.551358829999998","365.683410644531250"
"-71.732159280000005","45.551361929999999","365.683410644531250"
"-71.732180830000004","45.551363180000003","365.683410644531250"
"-71.732197760000005","45.551368969999999","365.683410644531250"
"-71.732217960000000","45.551369549999997","365.683410644531250"
"-71.732236060000005","45.551362760000004","364.779205322265625"
"-71.732256179999993","45.551353290000002","364.779205322265625"
"-71.732277389999993","45.551341979999997","364.779205322265625"
"-71.732291720000006","45.551330329999999","364.779205322265625"
"-71.732307980000002","45.551321690000002","364.779205322265625"
"-71.732328600000002","45.551312220000000","364.779205322265625"
"-71.732352489999997","45.551305350000000","364.009490966796875"
"-71.732376130000006","45.551296379999997","364.009490966796875"
"-71.732396580000000","45.551293950000002","364.009490966796875"
"-71.732426000000004","45.551294790000000","364.009490966796875"
"-71.732450139999997","45.551294949999999","363.385864257812500"
"-71.732469080000001","45.551289920000002","364.548187255859375"
"-71.732485929999996","45.551289089999997","364.548187255859375"
"-71.732502019999998","45.551287660000000","364.548187255859375"
"-71.732517950000002","45.551289920000002","363.385864257812500"
"-71.732534119999997","45.551294949999999","363.385864257812500"
"-71.732555669999996","45.551299569999998","362.913513183593750"
"-71.732570420000002","45.551301320000000","362.913513183593750"
"-71.732594050000003","45.551307690000002","362.913513183593750"
"-71.732623730000000","45.551314740000002","362.913513183593750"
"-71.732650550000002","45.551320769999997","362.598175048828125"
"-71.732675439999994","45.551316579999998","362.598175048828125"
"-71.732704440000006","45.551309459999999","362.598175048828125"
"-71.732732690000006","45.551298979999999","362.598175048828125"
"-71.732757590000006","45.551292439999997","362.460754394531250"
"-71.732788350000007","45.551287490000000","362.460754394531250"
"-71.732815919999993","45.551277349999999","363.545532226562500"
"-71.732835789999996","45.551266290000001","363.545532226562500"
"-71.732855990000004","45.551255890000000","363.512268066406250"
"-71.732879879999999","45.551249779999999","363.512268066406250"
"-71.732930589999995","45.551245250000001","363.512268066406250"
"-71.732954230000004","45.551240470000003","363.573150634765625"
"-71.732989259999997","45.551232849999998","363.573150634765625"
"-71.733003339999996","45.551231760000000","363.573150634765625"
"-71.733028320000003","45.551233349999997","363.573150634765625"
"-71.733053889999994","45.551231840000000","363.573150634765625"
"-71.733080790000002","45.551227480000001","363.631225585937500"
"-71.733110800000006","45.551221529999999","363.631225585937500"
"-71.733144999999993","45.551221529999999","363.631225585937500"
"-71.733179199999995","45.551222869999997","363.585357666015625"
"-71.733215070000000","45.551227400000002","363.585357666015625"
"-71.733246420000000","45.551233259999997","363.585357666015625"
"-71.733278270000000","45.551234190000002","363.349731445312500"
"-71.733311549999996","45.551233259999997","363.349731445312500"
"-71.733343649999995","45.551230250000003","363.349731445312500"
"-71.733375080000002","45.551225129999999","362.904113769531250"
"-71.733394950000005","45.551221949999999","362.904113769531250"
"-71.733423360000003","45.551224879999999","362.904113769531250"
"-71.733452029999995","45.551228649999999","362.904113769531250"
"-71.733479849999995","45.551229319999997","362.314636230468750"
"-71.733500050000004","45.551224800000000","362.314636230468750"
"-71.733527379999998","45.551216750000002","362.314636230468750"
"-71.733550679999993","45.551220940000000","362.314636230468750"
"-71.733571130000001","45.551228150000000","362.314636230468750"
"-71.733590500000005","45.551232259999999","361.704559326171875"
"-71.733607340000006","45.551224380000001","361.704559326171875"
"-71.733625029999999","45.551213060000002","361.704559326171875"
"-71.733645559999999","45.551203420000000","361.704559326171875"
"-71.733669539999994","45.551196969999999","361.704559326171875"
"-71.733689069999997","45.551183060000000","361.161773681640625"
"-71.733713370000004","45.551175180000001","361.806915283203125"
"-71.733736759999999","45.551161770000000","361.806915283203125"
"-71.733767270000001","45.551158919999999","361.806915283203125"
"-71.733792080000001","45.551165789999999","361.278656005859375"
"-71.733803140000006","45.551177770000002","360.689117431640625"
"-71.733808679999996","45.551188920000001","360.689117431640625"
"-71.733812450000002","45.551202080000003","360.689117431640625"
"-71.733799120000000","45.551215829999997","360.689117431640625"
"-71.733798199999995","45.551233930000002","360.689117431640625"
"-71.733793590000005","45.551242819999999","360.689117431640625"
"-71.733787219999996","45.551255480000002","360.684326171875000"
"-71.733780089999996","45.551277349999999","360.684326171875000"
"-71.733772549999998","45.551288579999998","360.684326171875000"
"-71.733763249999996","45.551299059999998","360.684326171875000"
"-71.733752769999995","45.551312639999999","360.684326171875000"
"-71.733744639999998","45.551327229999998","360.356201171875000"
"-71.733737849999997","45.551338370000003","360.356201171875000"
"-71.733743630000006","45.551346670000001","360.356201171875000"
"-71.733757800000006","45.551348349999998","360.356201171875000"
"-71.733776829999996","45.551350780000000","360.356201171875000"
"-71.733795850000007","45.551354300000000","360.020111083984375"
"-71.733808170000003","45.551353540000001","360.020111083984375"
"-71.733829130000004","45.551359660000003","360.020111083984375"
"-71.733855950000006","45.551365949999997","360.020111083984375"
"-71.733883530000000","45.551377350000003","360.020111083984375"
"-71.733904570000007","45.551384720000001","359.552398681640625"
"-71.733918230000000","45.551387069999997","359.552398681640625"
"-71.733940189999998","45.551392860000000","359.420684814453125"
"-71.733963570000000","45.551397969999996","359.420684814453125"
"-71.733992160000000","45.551403749999999","359.420684814453125"
"-71.734024090000005","45.551410369999999","358.648681640625000"
"-71.734048150000007","45.551414149999999","358.648681640625000"
"-71.734075559999994","45.551418419999997","358.648681640625000"
"-71.734102800000002","45.551427220000001","358.648681640625000"
"-71.734129199999998","45.551443149999997","357.510894775390625"
"-71.734150990000003","45.551460159999998","357.412078857421875"
"-71.734175379999996","45.551476340000001","357.412078857421875"
"-71.734200029999997","45.551490080000001","357.412078857421875"
"-71.734223749999998","45.551505839999997","355.968780517578125"
"-71.734247550000006","45.551523950000004","355.968780517578125"
"-71.734268090000000","45.551535680000001","356.014434814453125"
"-71.734289799999999","45.551546999999999","356.014434814453125"
"-71.734320060000002","45.551558149999998","356.014434814453125"
"-71.734350649999996","45.551577340000001","354.485473632812500"
"-71.734379739999994","45.551593179999998","354.485473632812500"
"-71.734404290000001","45.551612130000002","354.673736572265625"
"-71.734430779999997","45.551629640000002","354.673736572265625"
"-71.734455760000003","45.551648919999998","353.232269287109375"
"-71.734475459999999","45.551667950000002","353.481842041015625"
"-71.734497419999997","45.551682530000001","353.481842041015625"
"-71.734521220000005","45.551698379999998","353.481842041015625"
"-71.734550389999995","45.551708769999998","352.257843017578125"
"-71.734577970000004","45.551718579999999","352.257843017578125"
"-71.734607139999994","45.551724950000001","352.257843017578125"
"-71.734626329999998","45.551732989999998","352.257843017578125"
"-71.734645020000002","45.551745650000001","352.465728759765625"
"-71.734670080000001","45.551756630000000","351.429687500000000"
"-71.734687100000002","45.551773390000001","351.429687500000000"
"-71.734699669999998","45.551777420000001","351.429687500000000"
"-71.734723059999993","45.551775319999997","351.429687500000000"
"-71.734749800000003","45.551778089999999","351.429687500000000"
"-71.734774020000003","45.551787980000000","350.690246582031250"
"-71.734797150000006","45.551796860000003","350.690246582031250"
"-71.734810899999999","45.551803229999997","350.755920410156250"
"-71.734828080000000","45.551819070000001","350.755920410156250"
"-71.734848869999993","45.551839020000003","350.755920410156250"
"-71.734867899999998","45.551855869999997","350.755920410156250"
"-71.734884240000000","45.551872050000000","350.283172607421875"
"-71.734900080000003","45.551888980000001","350.309112548828125"
"-71.734917179999997","45.551898620000003","350.309112548828125"
"-71.734939479999994","45.551907589999999","350.309112548828125"
"-71.734961690000006","45.551922679999997","350.309112548828125"
"-71.734981219999995","45.551940190000003","350.071594238281250"
"-71.735007120000006","45.551950920000003","350.059936523437500"
"-71.735035620000005","45.551967099999999","350.059936523437500"
"-71.735066799999998","45.551981679999997","350.059936523437500"
"-71.735094290000006","45.551989059999997","349.956665039062500"
"-71.735123040000005","45.552000460000002","349.956665039062500"
"-71.735151119999998","45.552020579999997","349.876068115234375"
"-71.735178030000000","45.552041199999998","349.876068115234375"
"-71.735205440000001","45.552058039999999","349.771850585937500"
"-71.735232929999995","45.552077070000003","349.771850585937500"
"-71.735258239999993","45.552097189999998","349.580352783203125"
"-71.735286320000000","45.552109760000000","349.580352783203125"
"-71.735312890000003","45.552128029999999","349.408355712890625"
"-71.735331079999995","45.552145719999999","349.408355712890625"
"-71.735344999999995","45.552163659999998","349.088806152343750"
"-71.735371229999998","45.552173629999999","349.088806152343750"
"-71.735392939999997","45.552189220000002","349.088806152343750"
"-71.735415149999994","45.552204639999999","348.831115722656250"
"-71.735438119999998","45.552209339999997","348.831115722656250"
"-71.735460250000003","45.552219399999998","348.831115722656250"
"-71.735513389999994","45.552242030000002","348.396057128906250"
"-71.735535260000006","45.552255940000002","348.063842773437500"
"-71.735561829999995","45.552269850000002","348.063842773437500"
"-71.735583289999994","45.552280500000002","348.063842773437500"
"-71.735599219999997","45.552295749999999","347.554901123046875"
"-71.735622350000000","45.552310339999998","347.554901123046875"
"-71.735642049999996","45.552325930000002","347.190856933593750"
"-71.735669540000004","45.552339089999997","347.190856933593750"
"-71.735693679999997","45.552353760000003","347.190856933593750"
"-71.735713550000000","45.552368420000001","346.659667968750000"
"-71.735738859999998","45.552376639999999","346.273132324218750"
"-71.735762080000001","45.552379490000000","346.273132324218750"
"-71.735780689999999","45.552388620000002","346.273132324218750"
"-71.735811029999994","45.552400779999999","346.273132324218750"
"-71.735842629999993","45.552417790000000","346.273132324218750"
"-71.735871290000006","45.552434640000001","345.344482421875000"
"-71.735895850000006","45.552451069999996","345.344482421875000"
"-71.735920329999999","45.552467749999998","345.344482421875000"
"-71.735951850000006","45.552486780000002","345.344482421875000"
"-71.735971629999995","45.552505220000000","344.407196044921875"
"-71.735997440000006","45.552514440000003","344.407196044921875"
"-71.736027370000002","45.552525670000001","344.407196044921875"
"-71.736050579999997","45.552535640000002","344.407196044921875"
"-71.736067849999998","45.552550480000001","343.988861083984375"
"-71.736088550000005","45.552563470000003","343.988861083984375"
"-71.736109420000005","45.552573449999997","343.459960937500000"
"-71.736137249999999","45.552584760000002","343.459960937500000"
"-71.736165080000006","45.552597669999997","343.459960937500000"
"-71.736188970000001","45.552610829999999","343.048004150390625"
"-71.736211940000004","45.552628259999999","343.048004150390625"
"-71.736232220000005","45.552646539999998","342.527069091796875"
"-71.736257280000004","45.552665480000002","342.527069091796875"
"-71.736280249999993","45.552681739999997","342.109558105468750"
"-71.736299439999996","45.552696160000004","342.109558105468750"
"-71.736320399999997","45.552716359999998","341.607940673828125"
"-71.736345790000001","45.552735720000001","341.607940673828125"
"-71.736374880000000","45.552748540000003","341.607940673828125"
"-71.736396670000005","45.552756170000002","341.204315185546875"
"-71.736421820000004","45.552766149999997","341.204315185546875"
"-71.736448559999999","45.552779639999997","340.740844726562500"
"-71.736476379999999","45.552791790000001","340.740844726562500"
"-71.736500019999994","45.552808220000003","340.363067626953125"
"-71.736521389999993","45.552826580000001","340.363067626953125"
"-71.736544030000005","45.552846359999997","340.363067626953125"
"-71.736563390000001","45.552859519999998","339.948211669921875"
"-71.736588370000007","45.552876540000000","339.948211669921875"
"-71.736621479999997","45.552892460000002","339.601745605468750"
"-71.736647289999993","45.552910570000002","339.601745605468750"
"-71.736662550000005","45.552932280000000","339.240661621093750"
"-71.736692550000001","45.552946689999999","339.240661621093750"
"-71.736717949999999","45.552955490000002","338.931671142578125"
"-71.736744770000001","45.552966890000000","338.931671142578125"
"-71.736769080000002","45.552978879999998","338.931671142578125"
"-71.736795740000005","45.552994640000001","338.598175048828125"
"-71.736816770000004","45.553007039999997","338.598175048828125"
"-71.736842760000002","45.553015840000000","338.310424804687500"
"-71.736871760000000","45.553026660000000","338.310424804687500"
"-71.736900680000005","45.553040230000001","338.310424804687500"
"-71.736926069999996","45.553055829999998","337.990417480468750"
"-71.736947869999995","45.553068560000000","337.710723876953125"
"-71.736977120000006","45.553085330000002","337.710723876953125"
"-71.737000249999994","45.553104019999999","337.710723876953125"
"-71.737022550000006","45.553116260000003","337.710723876953125"
"-71.737043760000006","45.553126069999998","337.115020751953125"
"-71.737062280000004","45.553132689999998","337.115020751953125"
"-71.737080550000002","45.553145680000000","337.115020751953125"
"-71.737099330000007","45.553160429999998","337.115020751953125"
"-71.737115919999994","45.553170320000000","337.115020751953125"
"-71.737130759999999","45.553175850000002","337.115020751953125"
"-71.737153050000003","45.553186750000002","336.832061767578125"
"-71.737169989999998","45.553200160000003","336.524322509765625"
"-71.737188849999995","45.553213319999998","336.524322509765625"
"-71.737209379999996","45.553227990000003","336.524322509765625"
"-71.737228070000000","45.553240729999999","336.524322509765625"
"-71.737248269999995","45.553253640000001","336.524322509765625"
"-71.737264789999998","45.553265119999999","335.936859130859375"
"-71.737287920000000","45.553276689999997","335.936859130859375"
"-71.737308290000001","45.553288590000001","335.936859130859375"
"-71.737326479999993","45.553294620000003","335.936859130859375"
"-71.737347679999999","45.553295970000001","335.936859130859375"
"-71.737360760000001","45.553298400000003","335.936859130859375"
"-71.737381290000002","45.553302670000001","335.662384033203125"
"-71.737400989999998","45.553304349999998","335.662384033203125"
"-71.737424379999993","45.553313320000001","335.662384033203125"
"-71.737449859999998","45.553320440000000","335.662384033203125"
"-71.737474000000006","45.553327400000001","335.382690429687500"
"-71.737495460000005","45.553332849999997","335.080413818359375"
"-71.737522029999994","45.553337120000002","335.080413818359375"
"-71.737549770000001","45.553344330000002","335.080413818359375"
"-71.737578520000000","45.553351620000001","334.797607421875000"
"-71.737599059999994","45.553365950000000","334.797607421875000"
"-71.737627140000001","45.553378780000003","334.797607421875000"
"-71.737659989999997","45.553386990000000","334.797607421875000"
"-71.737677849999997","45.553401489999999","334.495758056640625"
"-71.737701569999999","45.553418760000000","334.206268310546875"
"-71.737731830000001","45.553430749999997","334.206268310546875"
"-71.737751860000003","45.553438540000002","334.206268310546875"
"-71.737771559999999","45.553447259999999","334.206268310546875"
"-71.737789829999997","45.553455890000002","334.206268310546875"
"-71.737812039999994","45.553465950000003","333.619812011718750"
"-71.737841630000005","45.553479449999998","333.619812011718750"
"-71.737862160000006","45.553491930000000","333.619812011718750"
"-71.737883620000005","45.553501990000001","333.619812011718750"
"-71.737909689999995","45.553515740000002","333.314392089843750"
"-71.737940620000003","45.553530580000000","333.314392089843750"
"-71.737962749999994","45.553546750000002","333.029022216796875"
"-71.737978589999997","45.553564770000001","333.029022216796875"
"-71.738001220000001","45.553579270000000","333.029022216796875"
"-71.738021340000003","45.553590759999999","332.719573974609375"
"-71.738044220000006","45.553605179999998","332.440124511718750"
"-71.738059730000003","45.553622689999997","332.440124511718750"
"-71.738077579999995","45.553640960000003","332.440124511718750"
"-71.738100130000007","45.553657899999997","332.440124511718750"
"-71.738127620000000","45.553673320000001","332.126922607421875"
"-71.738152430000000","45.553686900000002","331.851165771484375"
"-71.738177070000006","45.553693770000002","331.851165771484375"
"-71.738195930000003","45.553700229999997","331.851165771484375"
"-71.738213200000004","45.553709699999999","331.851165771484375"
"-71.738241860000002","45.553728470000003","331.533935546875000"
"-71.738271370000007","45.553743560000001","331.533935546875000"
"-71.738298940000007","45.553764930000000","331.263702392578125"
"-71.738321069999998","45.553775080000001","331.263702392578125"
"-71.738349659999997","45.553779349999999","330.964324951171875"
"-71.738376059999993","45.553777840000002","330.964324951171875"
"-71.738416119999997","45.553788320000002","330.964324951171875"
"-71.738458449999996","45.553797119999999","330.663208007812500"
"-71.738484860000000","45.553810360000000","330.663208007812500"
"-71.738517130000005","45.553829639999996","330.436431884765625"
"-71.738542690000003","45.553849679999999","330.436431884765625"
"-71.738568169999994","45.553868199999997","330.168975830078125"
"-71.738586029999993","45.553886640000002","329.978332519531250"
"-71.738607819999999","45.553911200000002","329.978332519531250"
"-71.738635479999999","45.553929390000000","329.978332519531250"
"-71.738659620000007","45.553944979999997","329.742858886718750"
"-71.738687189999993","45.553964929999999","329.586303710937500"
"-71.738713849999996","45.553984960000001","329.586303710937500"
"-71.738744949999997","45.553998960000001","329.586303710937500"
"-71.738775619999998","45.554014039999998","329.366760253906250"
"-71.738799680000000","45.554033070000003","329.231353759765625"
"-71.738826750000001","45.554051430000001","329.231353759765625"
"-71.738840499999995","45.554068860000001","329.231353759765625"
"-71.738858350000001","45.554091579999998","329.231353759765625"
"-71.738877459999998","45.554111440000000","328.888153076171875"
"-71.738895990000003","45.554131890000001","328.888153076171875"
"-71.738900680000000","45.554159220000003","328.888153076171875"
"-71.738895150000005","45.554185619999998","328.761383056640625"
"-71.738884589999998","45.554211019999997","328.761383056640625"
"-71.738873359999999","45.554236250000002","328.975708007812500"
"-71.738858519999994","45.554261640000000","328.847473144531250"
"-71.738845530000006","45.554286460000000","328.847473144531250"
"-71.738834629999999","45.554311179999999","328.847473144531250"
"-71.738823569999994","45.554336579999998","328.719421386718750"
"-71.738811249999998","45.554363320000000","328.719421386718750"
"-71.738798259999996","45.554388799999998","328.591400146484375"
"-71.738786860000005","45.554414870000002","328.781799316406250"
"-71.738776630000004","45.554440260000000","328.781799316406250"
"-71.738765650000005","45.554466580000003","328.652984619140625"
"-71.738754749999998","45.554492650000000","328.652984619140625"
"-71.738744190000006","45.554520230000001","328.652984619140625"
"-71.738732790000000","45.554547550000002","328.524536132812500"
"-71.738724329999997","45.554573789999999","328.524536132812500"
"-71.738718460000001","45.554601529999999","328.524536132812500"
"-71.738711249999994","45.554627099999998","328.396636962890625"
"-71.738702200000006","45.554654919999997","328.396636962890625"
"-71.738694240000001","45.554682079999999","328.574615478515625"
"-71.738687870000007","45.554709570000000","328.448822021484375"
"-71.738680660000000","45.554735979999997","328.448822021484375"
"-71.738673870000000","45.554763139999999","328.324096679687500"
"-71.738663639999999","45.554787859999998","328.324096679687500"
"-71.738655679999994","45.554811829999998","328.324096679687500"
"-71.738647630000003","45.554836479999999","328.200927734375000"
"-71.738642179999999","45.554862880000002","328.200927734375000"
"-71.738637569999995","45.554888190000000","328.200927734375000"
"-71.738630529999995","45.554912250000001","328.080444335937500"
"-71.738625339999999","45.554937979999998","328.080444335937500"
"-71.738619389999997","45.554964220000002","328.080444335937500"
"-71.738611090000006","45.554990119999999","328.164611816406250"
"-71.738604890000005","45.555016940000002","328.164611816406250"
"-71.738599179999994","45.555044770000002","328.164611816406250"
"-71.738590380000005","45.555072090000003","328.066314697265625"
"-71.738580330000005","45.555098579999999","328.066314697265625"
"-71.738574880000002","45.555124229999997","328.066314697265625"
"-71.738575549999993","45.555151719999998","327.979217529296875"
"-71.738580069999998","45.555178540000000","327.979217529296875"
"-71.738592729999993","45.555202600000001","327.903930664062500"
"-71.738607990000006","45.555224389999999","327.903930664062500"
"-71.738632550000005","45.555243419999996","327.903930664062500"
"-71.738664060000005","45.555256579999998","327.667907714843750"
"-71.738699179999998","45.555265040000002","327.667907714843750"
"-71.738738740000002","45.555267059999998","327.667907714843750"
"-71.738778890000006","45.555264620000003","327.442962646484375"
"-71.738819800000002","45.555264289999997","327.442962646484375"
"-71.738861790000001","45.555262280000001","327.219940185546875"
"-71.738899590000003","45.555262530000000","327.219940185546875"
"-71.738939320000000","45.555263279999998","327.114105224609375"
"-71.738978630000005","45.555263529999998","326.876831054687500"
"-71.739018360000003","45.555263949999997","326.876831054687500"
"-71.739059440000005","45.555262780000000","326.628021240234375"
"-71.739098580000004","45.555259929999998","326.628021240234375"
"-71.739136720000005","45.555257750000003","326.628021240234375"
"-71.739176869999994","45.555257830000002","326.367736816406250"
"-71.739215090000002","45.555253729999997","326.367736816406250"
"-71.739255240000006","45.555254730000001","326.367736816406250"
"-71.739294299999997","45.555253059999998","326.098236083984375"
"-71.739333939999995","45.555251300000002","326.098236083984375"
"-71.739373670000006","45.555247860000001","325.947326660156250"
"-71.739415159999993","45.555246269999998","325.947326660156250"
"-71.739454390000006","45.555244260000002","325.947326660156250"
"-71.739492780000006","45.555241989999999","325.669799804687500"
"-71.739532260000004","45.555239980000003","325.669799804687500"
"-71.739573080000000","45.555237130000002","325.669799804687500"
"-71.739614489999994","45.555236039999997","325.391906738281250"
"-71.739654970000004","45.555236960000002","325.391906738281250"
"-71.739694450000002","45.555240060000003","325.004760742187500"
"-71.739733590000000","45.555242829999997","325.004760742187500"
"-71.739773069999998","45.555246940000004","325.004760742187500"
"-71.739810539999993","45.555253980000003","324.735076904296875"
"-71.739849680000006","45.555260179999998","324.735076904296875"
"-71.739889079999998","45.555263619999998","324.466674804687500"
"-71.739930400000006","45.555265630000001","324.466674804687500"
"-71.739968959999999","45.555270319999998","324.466674804687500"
"-71.740008349999997","45.555276530000000","324.198638916015625"
"-71.740047739999994","45.555281139999998","324.198638916015625"
"-71.740087140000000","45.555283400000000","324.198638916015625"
"-71.740125780000000","45.555289690000002","323.929351806640625"
"-71.740163330000001","45.555298489999998","323.812622070312500"
"-71.740202560000000","45.555307450000001","323.812622070312500"
"-71.740237089999994","45.555320199999997","323.539764404296875"
"-71.740273049999999","45.555331090000003","323.539764404296875"
"-71.740312700000004","45.555339390000000","323.273864746093750"
"-71.740350500000005","45.555349870000001","323.273864746093750"
"-71.740388050000007","45.555359930000002","323.273864746093750"
"-71.740426690000007","45.555367969999999","322.884307861328125"
"-71.740463820000002","45.555377950000000","322.884307861328125"
"-71.740499779999993","45.555390520000003","322.884307861328125"
"-71.740536329999998","45.555400749999997","322.604522705078125"
"-71.740570520000006","45.555413569999999","322.604522705078125"
"-71.740604890000000","45.555427229999999","322.604522705078125"
"-71.740639340000001","45.555438129999999","322.190887451171875"
"-71.740673290000004","45.555450530000002","322.190887451171875"
"-71.740702459999994","45.555467380000003","322.190887451171875"
"-71.740732879999996","45.555486580000000","322.190887451171875"
"-71.740765819999993","45.555500320000000","321.754150390625000"
"-71.740797259999994","45.555516750000002","321.754150390625000"
"-71.740827260000003","45.555534440000002","321.754150390625000"
"-71.740850730000005","45.555555220000002","321.436981201171875"
"-71.740879059999997","45.555573750000001","321.311218261718750"
"-71.740916360000000","45.555602749999998","321.311218261718750"
"-71.740956429999997","45.555625630000002","321.000366210937500"
"-71.740981570000002","45.555641979999997","320.881195068359375"
"-71.741011159999999","45.555658569999999","320.881195068359375"
"-71.741039990000004","45.555675590000000","320.881195068359375"
"-71.741065559999996","45.555693779999999","320.613922119140625"
"-71.741092050000006","45.555712550000003","320.515289306640625"
"-71.741120289999998","45.555728139999999","320.515289306640625"
"-71.741150129999994","45.555746499999998","320.515289306640625"
"-71.741178970000007","45.555764189999998","320.318420410156250"
"-71.741208970000002","45.555779940000001","320.250274658203125"
"-71.741240989999994","45.555796370000003","320.250274658203125"
"-71.741273260000000","45.555817830000002","320.250274658203125"
"-71.741305370000006","45.555835430000002","320.129394531250000"
"-71.741337220000005","45.555853870000000","320.093139648437500"
"-71.741368980000004","45.555872899999997","320.093139648437500"
"-71.741404360000004","45.555889329999999","320.039550781250000"
"-71.741439220000004","45.555903659999998","320.039550781250000"
"-71.741473929999998","45.555919670000002","320.027954101562500"
"-71.741506869999995","45.555935929999997","320.008789062500000"
"-71.741539390000000","45.555950350000003","320.008789062500000"
"-71.741571739999998","45.555967950000003","320.008789062500000"
"-71.741601329999995","45.555990580000000","320.007324218750000"
"-71.741635950000003","45.556005839999997","320.001586914062500"
"-71.741667379999996","45.556022429999999","320.001586914062500"
"-71.741697389999999","45.556037689999997","320.001586914062500"
"-71.741727229999995","45.556048670000003","319.999786376953125"
"-71.741752629999993","45.556061069999998","319.998992919921875"
"-71.741774590000006","45.556075239999998","319.998992919921875"
"-71.741786739999995","45.556083280000003","319.998992919921875"
"-71.741802329999999","45.556077250000001","319.998992919921875"
"-71.741836530000000","45.556067779999999","319.994171142578125"
"-71.741874920000001","45.556064429999999","319.994171142578125"
"-71.741911290000004","45.556065429999997","319.994171142578125"
"-71.741943899999995","45.556072469999997","319.981536865234375"
"-71.741976760000000","45.556079429999997","319.981536865234375"
"-71.742007849999993","45.556086129999997","319.981536865234375"
"-71.742042049999995","45.556088400000000","319.955993652343750"
"-71.742075490000005","45.556093339999997","319.955993652343750"
"-71.742105170000002","45.556103739999998","319.955993652343750"
"-71.742136349999996","45.556118820000002","319.887054443359375"
"-71.742166350000005","45.556132650000002","319.887054443359375"
"-71.742198959999996","45.556148579999999","319.887054443359375"
"-71.742229719999997","45.556165180000001","319.887054443359375"
"-71.742257890000005","45.556183279999999","319.784606933593750"
"-71.742293340000003","45.556201549999997","319.784606933593750"
"-71.742321759999996","45.556215889999997","319.784606933593750"
"-71.742349579999996","45.556228879999999","319.784606933593750"
"-71.742380179999998","45.556247069999998","319.700805664062500"
"-71.742409850000001","45.556266340000001","319.661010742187500"
"-71.742440689999995","45.556287130000001","319.661010742187500"
"-71.742471539999997","45.556310349999997","319.571350097656250"
"-71.742503220000003","45.556328540000003","319.534515380859375"
"-71.742531470000003","45.556347060000000","319.534515380859375"
"-71.742564830000006","45.556364750000000","319.534515380859375"
"-71.742598860000001","45.556381930000001","319.444458007812500"
"-71.742630039999995","45.556403979999999","319.410919189453125"
"-71.742661729999995","45.556420989999999","319.410919189453125"
"-71.742691649999998","45.556438170000000","319.320739746093750"
"-71.742725849999999","45.556455020000001","319.320739746093750"
"-71.742758870000003","45.556472040000003","319.287628173828125"
"-71.742789630000004","45.556488299999998","319.194915771484375"
"-71.742817459999998","45.556504560000000","319.194915771484375"
"-71.742847549999993","45.556520069999998","319.194915771484375"
"-71.742882839999993","45.556536160000000","319.159484863281250"
"-71.742919130000004","45.556551499999998","319.062316894531250"
"-71.742952079999995","45.556566750000002","319.062316894531250"
"-71.742982670000004","45.556581250000001","319.062316894531250"
"-71.743016030000007","45.556594330000003","318.962127685546875"
"-71.743048299999998","45.556607820000004","318.924377441406250"
"-71.743079140000006","45.556623160000001","318.924377441406250"
"-71.743108730000003","45.556639339999997","318.823120117187500"
"-71.743110490000007","45.556660880000003","318.823120117187500"
"-71.743097750000004","45.556681670000003","318.884063720703125"
"-71.743089029999993","45.556704130000000","318.884063720703125"
"-71.743083589999998","45.556727430000002","318.884063720703125"
"-71.743069419999998","45.556749390000000","318.843292236328125"
"-71.743062129999998","45.556770520000001","318.843292236328125"
"-71.743051230000006","45.556788539999999","318.843292236328125"
"-71.743035219999996","45.556802540000000","318.843292236328125"
